<?xml version="1.0" encoding="UTF-8"?>
<beans xmlns="http://www.springframework.org/schema/beans"
       xmlns:xsi="http://www.w3.org/2001/XMLSchema-instance" xmlns:util="http://www.springframework.org/schema/util"
       xsi:schemaLocation="http://www.springframework.org/schema/beans http://www.springframework.org/schema/beans/spring-beans.xsd http://www.springframework.org/schema/util https://www.springframework.org/schema/util/spring-util.xsd">

    <bean id="bookAdd" class="wzc.dao.BookAddImpl"> </bean>

    <bean id="bookServe" class="wzc.service.BookServeImpl">
        <property name="bookAdd" ref="bookAdd"> </property>
    </bean>

    <bean id="bookController" class="wzc.controller.BookControllerImpl">
        <property name="bookServe" ref="bookServe"> </property>
    </bean>

</beans>
